,birth_date,city,country,current_team,first_name,height,is_active,last_name,state,weight
0,,,,3,Morgan,,True,Harper,,
1,1988-07-31,Auckland,NZ,1,Alex,182.0,True,Glenn,,101.0
2,1990-01-30,Dalby,AUS,1,Andrew,180.0,True,McCullough,QLD,90.0
3,2000-02-25,Brisbane,AUS,1,David,186.0,True,Fifita,QLD,107.0
4,1996-10-18,Brisbane,AUS,1,George,187.0,True,Fai,QLD,111.0
5,1996-11-16,Brisbane,AUS,1,Jake,178.0,True,Turpin,QLD,82.0
6,1990-11-11,Goroka,PNG,1,James,170.0,True,Segeyaro,,86.0
7,1997-10-23,Auckland,NZ,1,Jaydn,188.0,True,Su'A,,100.0
8,1995-09-15,Auckland,NZ,1,Joe,190.0,True,Ofahengaue,,113.0
9,1988-08-12,Macksville,AUS,1,Matt,186.0,True,Gillett,NSW,100.0
10,1995-05-31,Blacktown,AUS,1,Matthew,191.0,True,Lodge,NSW,121.0
11,1998-01-01,-,,1,Patrick,190.0,True,Carrigan,,104.0
12,1994-12-04,Otahuhu,NZ,1,Patrick,187.0,True,Mago,,113.0
13,1999-12-02,Newcastle,AUS,1,Payne,194.0,True,Haas,NSW,119.0
14,1986-12-08,Lower Hutt,NZ,1,Sam,193.0,True,Tagataese,,108.0
15,1988-10-10,Camden,AUS,1,Shaun,182.0,True,Fensom,NSW,100.0
16,1996-02-04,Sydney,AUS,1,Tevita,190.0,True,PangaiJunior,NSW,113.0
17,1999-08-19,-,,1,Thomas,190.0,True,Flegler,,108.0
18,1994-07-11,Brisbane,AUS,1,Anthony,177.0,True,Milford,QLD,92.0
19,1994-10-20,Biloela,AUS,1,Corey,192.0,True,Oates,QLD,105.0
20,2000-01-27,Toowoomba,AUS,1,Cory,178.0,True,Paix,QLD,85.0
21,1987-07-17,Brisbane,AUS,1,Darius,184.0,True,Boyd,QLD,93.0
22,1998-02-18,Townsville,AUS,1,Gehamat,184.0,True,Shibasaki,QLD,96.0
23,1997-05-17,-,,1,Izaia,,True,Perese,,
24,1995-03-20,Wollongong,AUS,1,Jack,183.0,True,Bird,NSW,96.0
25,1996-06-06,Christchurch,NZ,1,Jamayne,180.0,True,Isaako,,95.0
26,1993-03-03,Kempsey,AUS,1,James,183.0,True,Roberts,NSW,90.0
27,1998-10-29,Wellington,AUS,1,Kotoni,185.0,True,Staggs,NSW,92.0
28,1994-12-10,Apia,SAM,1,Richard,185.0,True,Kennar,,108.0
29,1998-08-21,Sydney,AUS,1,Sean,179.0,True,O'Sullivan,NSW,83.0
30,2001-03-13,Toowoomba,AUS,1,Tom,177.0,True,Dearden,QLD,80.0
31,1997-10-15,Sydney,AUS,1,Troy,174.0,True,Dargan,NSW,87.0
32,1991-06-24,Bankstown,AUS,2,Aidan,180.0,True,Sezer,NSW,90.0
33,1998-04-01,Canberra,AUS,2,Andre,193.0,True,Niko,ACT,97.0
34,1997-03-11,Auckland,NZ,2,Ata,183.0,True,Hingano,,92.0
35,1998-02-18,Mona Vale,AUS,2,Bailey,188.0,True,Simonsson,NSW,92.0
36,1996-12-30,Auckland,NZ,2,Brad,183.0,True,Abbey,,90.0
37,1998-10-30,Gosford,AUS,2,Brendan,172.0,True,O'Hagan,NSW,83.0
38,1995-08-02,Auckland,NZ,2,Charnze,182.0,True,Nicoll-Klokstad,,94.0
39,1993-02-04,Orange,AUS,2,Jack,189.0,True,Wighton,NSW,93.0
40,1990-09-11,Goulburn,AUS,2,Jarrod,184.0,True,Croker,NSW,93.0
41,1989-08-15,Wellington,NZ,2,Jordan,187.0,True,Rapana,,100.0
42,1991-12-12,Sydney,AUS,2,Joseph,185.0,True,Leilua,NSW,106.0
43,1990-11-24,Sydney,AUS,2,Michael,186.0,True,Oldfield,NSW,92.0
44,1998-11-18,Canberra,AUS,2,Nick,185.0,True,Cotric,ACT,98.0
45,1991-03-18,Cooma,AUS,2,Sam,179.0,True,Williams,NSW,85.0
46,1999-04-19,Canberra,AUS,2,Sebastian,182.0,True,Kris,ACT,99.0
47,,,,2,,,True,,,
48,,,,2,,,True,,,
49,,,,2,,,True,,,
50,1998-01-19,Sydney,AUS,2,Emre,191.0,True,Guler,NSW,110.0
51,1998-06-11,Maitland,AUS,2,Hudson,184.0,True,Young,NSW,99.0
52,1986-08-04,Auckland,NZ,2,Iosia,185.0,True,Soliola,,100.0
53,1997-06-26,Batemans Bay,AUS,2,Jack,193.0,True,Murchie,NSW,105.0
54,1996-02-15,Logan City,AUS,2,JJ,184.0,True,Collins,QLD,105.0
55,1993-09-30,Bradford,ENG,2,John,185.0,True,Bateman,,96.0
56,1994-05-04,Wellington,NZ,2,Joseph,188.0,True,Tapine,,107.0
57,1989-10-31,Hull,UK,2,Josh,180.0,True,Hodgson,,94.0
58,1992-05-13,Auckland,NZ,2,Josh,182.0,True,Papalii,,112.0
59,1999-07-05,Brisbane,AUS,2,Kyle,178.0,True,Paterson,QLD,83.0
60,1995-01-25,Toowoomba,AUS,2,Luke,182.0,True,Bateman,QLD,100.0
61,1997-03-26,Wellington,NZ,2,Reuben,189.0,True,Porter,,102.0
62,,,,2,,,True,,,
63,1995-08-02,Billinge,ENG,2,Ryan,187.0,True,Sutton,,103.0
64,,,,2,,,True,,,
65,1994-10-16,Bega,AUS,3,Adam,185.0,True,Elliott,NSW,103.0
66,1988-11-10,Kempsey,AUS,3,Aiden,183.0,True,Tolman,NSW,102.0
67,1994-01-16,Darwin,AUS,3,Chris,185.0,True,Smith,NT,104.0
68,1994-10-20,Sydney,AUS,3,Danny,187.0,True,Fualalo,NSW,115.0
69,1994-05-23,Tofoa,TNG,3,Francis,187.0,True,Tualau,,106.0
70,1995-12-02,-,,3,Jeremy,186.0,True,Marshall-King,,83.0
71,1991-01-08,Gulgong,AUS,3,Josh,180.0,True,Jackson,NSW,99.0
72,1993-07-18,Wollongong,AUS,3,Michael,183.0,True,Lichaa,NSW,90.0
73,1996-06-06,Auckland,NZ,3,Ofahiki,192.0,True,Ogden,,106.0
74,1993-07-26,Auckland,NZ,3,Raymond,190.0,True,Faitala-Mariner,,110.0
75,1995-06-25,Porirua,NZ,3,Renouf,190.0,True,Toomaga,,110.0
76,1993-03-01,Cairns,AUS,3,Rhyse,180.0,True,Martin,QLD,103.0
77,,,,3,,,True,,,
78,1992-04-20,Otahuhu,NZ,3,Sauaso,188.0,True,Sue,,105.0
79,1999-06-16,Bathurst,AUS,3,Zac,201.0,True,Saddler,NSW,91.0
80,1992-11-13,Brisbane,AUS,3,Dylan,198.0,True,Napa,QLD,113.0
81,1999-08-10,-,,3,James,,True,Roumanos,,
82,1994-12-24,Christchurch,NZ,3,Fa'amanu,183.0,True,Brown,,90.0
83,1996-11-04,Sydney,AUS,3,John,186.0,True,Olive,NSW,99.0
84,1992-09-25,Singleton,AUS,3,Kerrod,182.0,True,Holland,NSW,94.0
85,1990-07-13,Auckland,NZ,3,Kieran,180.0,True,Foran,,90.0
86,1996-08-19,Brisbane,AUS,3,Lachlan,191.0,True,Lewis,QLD,90.0
87,1996-02-17,Lautoka,FIJ,3,Marcelo,189.0,True,Montoya,,95.0
88,1997-05-13,Sydney,AUS,3,Reimis,196.0,True,Smith,NSW,97.0
89,1992-05-09,Manly,AUS,3,Will,186.0,True,Hopoate,NSW,98.0
90,1999-01-11,Kogarah,AUS,3,Brandon,172.0,True,Wakeham,NSW,78.0
91,,,,3,,,True,,,
92,,,,3,,,True,,,
93,,,,3,,,True,,,
94,,,,3,,,True,,,
95,,,,3,,,True,,,
96,,,,3,Tuipulotu,,True,Katoa,,
97,1994-04-07,Sydney,AUS,4,Aaron,181.0,True,Gray,NSW,96.0
98,2000-09-09,-,,4,Bronson,,True,Xerri,,
99,1991-01-10,Caringbah,AUS,4,Chad,181.0,True,Townsend,NSW,89.0
100,,,,4,Isaac,,True,Lumelume,,
101,1990-05-10,Tuggeranong,AUS,4,Josh,189.0,True,Dugan,ACT,102.0
102,1986-08-23,Kiama,AUS,4,Josh,182.0,True,Morris,NSW,98.0
103,1998-09-15,Sydney,AUS,4,Kyle,183.0,True,Flanagan,NSW,85.0
104,1991-06-16,Baulkham Hills,AUS,4,Matt,185.0,True,Moylan,NSW,90.0
105,1990-09-09,Auckland,NZ,4,Shaun,179.0,True,Johnson,,91.0
106,1997-08-21,Hamilton,NZ,4,Sione,180.0,True,Katoa,,88.0
107,1991-09-05,Auckland,NZ,4,Sosaia,185.0,True,Feki,,100.0
108,1997-04-18,Bathurst,AUS,4,William,183.0,True,Kennedy,NSW,88.0
109,,,,4,Braydon,,True,Trindall,,
110,,,,4,Jackson,,True,Ferris,,
111,,,,4,Ronaldo,,True,Mulitalo,,
112,1991-03-13,Sydney,AUS,4,Aaron,194.0,True,Woods,NSW,111.0
113,1989-06-28,Blacktown,AUS,4,Andrew,194.0,True,Fifita,NSW,118.0
114,1991-06-02,Wellington,NZ,4,Ava,187.0,True,Seumanufagai,,114.0
115,1997-01-23,Sydney,AUS,4,Billy,179.0,True,Magoulias,NSW,99.0
116,1998-09-23,-,,4,Blayke,,True,Brailey,,
117,1995-01-09,Auckland,NZ,4,Braden,191.0,True,Hamlin-Uele,,115.0
118,1997-12-07,Mt Maunganui,NZ,4,Briton,185.0,True,Nikora,,94.0
119,1999-01-23,Christchurch,NZ,4,Cruz,192.0,True,Topai-Aveai,,112.0
120,1996-09-28,Pambula,AUS,4,,184.0,True,,NSW,98.0
121,,,,4,,,True,,,
122,,,,4,,,True,,,
123,,,,4,,,True,,,
124,,,,4,,,True,,,
125,,,,4,,,True,,,
126,,,,4,,,True,,,
127,,,,4,,,True,,,
128,,,,4,,,True,,,
129,1996-01-29,Sydney,AUS,4,Toby,190.0,True,Rudolf,NSW,105.0
130,1998-09-09,Brisbane,AUS,5,Alexander,181.0,True,Brimson,QLD,89.0
131,1987-09-21,Manly,AUS,5,Anthony,188.0,True,Don,NSW,100.0
132,1995-03-17,Toowoomba,AUS,5,Ashley,181.0,True,Taylor,QLD,94.0
133,1995-10-10,Brisbane,AUS,5,Brenko,190.0,True,Lee,QLD,104.0
134,1991-07-29,Ingham,AUS,5,Dale,184.0,True,Copley,QLD,93.0
135,1998-08-07,Auckland,NZ,5,Jesse,189.0,True,Arthars,,88.0
136,1983-10-24,Cooma,AUS,5,Michael,179.0,True,Gordon,NSW,88.0
137,1997-08-02,Ipswich,AUS,5,Phillip,186.0,True,Sami,QLD,97.0
138,1992-06-02,Brisbane,AUS,5,Ryley,185.0,True,Jacks,QLD,94.0
139,1991-08-08,Wellington,AUS,5,Tyrone,183.0,True,Peachey,NSW,93.0
140,1991-06-01,Grafton,AUS,5,Tyrone,175.0,True,Roberts,NSW,89.0
141,1996-05-20,Lismore,AUS,5,Brian,181.0,True,Kelly,NSW,94.0
142,,,,5,Jaxson,,True,Paulo,,
143,,,,5,Kea,,True,Pere,,
144,,,,5,Treymain,,True,Spry,,
145,1994-11-15,Penrith,AUS,5,Bryce,193.0,True,Cartwright,NSW,107.0
146,1992-03-02,Campbelltown,AUS,5,,192.0,True,,NSW,110.0
147,1995-12-07,Fairfield,AUS,5,Jai,189.0,True,Arrow,QLD,101.0
148,1998-01-16,Gold Coast,AUS,5,Jai,186.0,True,Whitbread,QLD,107.0
149,1991-07-23,Gold Coast,AUS,5,Jarrod,188.0,True,Wallace,QLD,109.0
150,1997-01-01,Gold Coast,AUS,5,Keegan,183.0,True,Hipgrave,QLD,102.0
151,1989-02-28,Te Kuiti,NZ,5,Kevin,189.0,True,Proctor,,107.0
152,1993-02-05,Sydney,AUS,5,Leilani,190.0,True,Latu,NSW,112.0
153,1997-05-04,Maitland,AUS,5,Max,188.0,True,King,NSW,105.0
154,1990-04-26,Wollongong,AUS,5,Mitch,176.0,True,Rein,NSW,88.0
155,1999-11-16,Gisborne,NZ,5,Moeaki,185.0,True,Fotuaika,,107.0
156,,,,5,,,True,,,
157,,,,5,,,True,,,
158,,,,5,,,True,,,
159,,,,5,,,True,,,
160,,,,5,Darius,,True,Farmer,,
161,1995-07-25,-,,6,Abbas,,True,Miski,,
162,,,,6,Albert,,True,Hopoate,,
163,1997-02-19,Manly,AUS,6,Brad,193.0,True,Parker,NSW,100.0
164,1994-01-01,Brisbane,AUS,6,Brendan,186.0,True,Elliot,QLD,94.0
165,1998-09-14,Scone,AUS,6,Cade,180.0,True,Cust,NSW,87.0
166,1989-02-20,Redcliffe,AUS,6,Daly,183.0,True,Cherry-Evans,QLD,85.0
167,1994-09-27,Sydney,AUS,6,Dylan,181.0,True,Walker,NSW,98.0
168,1997-01-29,La Perouse,AUS,6,Jade,180.0,True,Anderson,NSW,83.0
169,1991-10-23,Canberra,AUS,6,Jorge,184.0,True,Taufua,ACT,105.0
170,1994-01-14,Gold Coast,AUS,6,Kane,180.0,True,Elgey,QLD,88.0
171,1996-12-12,Goulburn,AUS,6,Lachlan,180.0,True,Croker,NSW,92.0
172,1998-06-09,Sydney,AUS,6,Moses,189.0,True,Suli,NSW,109.0
173,1997-06-30,Sydney,AUS,6,Reuben,188.0,True,Garrick,NSW,98.0
174,,,,6,,,True,,,
175,,,,6,Semisi,,True,Kioa,,
176,1998-01-03,Fairfield,AUS,6,,,True,,NSW,93.0
177,1996-10-02,Mona Vale,AUS,6,Tom,194.0,True,Trbojevic,NSW,102.0
178,1988-08-31,Campbelltown,AUS,6,Trent,178.0,True,Hodkinson,NSW,92.0
179,,,,6,,,True,,,
180,,,,6,,,True,,,
181,1992-11-07,Sydney,AUS,6,Apisai,172.0,True,Koroisau,NSW,88.0
182,1996-10-02,Sydney,AUS,6,Corey,190.0,True,Waddell,NSW,104.0
183,1993-07-31,North Ryde,AUS,6,Curtis,195.0,True,Sironen,NSW,109.0
184,,,,6,Haumole,,True,Olakau'atu,,
185,,,,6,,,True,,,
186,,,,6,,,True,,,
187,,,,6,,,True,,,
188,,,,6,,,True,,,
189,,,,6,,,True,,,
190,,,,6,,,True,,,
191,,,,6,,,True,,,
192,,,,6,,,True,,,
193,,,,6,,,True,,,
194,1993-01-24,Auckland,NZ,7,Albert,188.0,True,Vete,,110.0
195,1996-05-31,Waiheke Island,NZ,7,Brandon,180.0,True,Smith,,94.0
196,1983-06-18,Brisbane,AUS,7,Cameron,185.0,True,Smith,QLD,90.0
197,1994-07-19,Sydney,AUS,7,Christian,195.0,True,Welch,NSW,110.0
198,1991-09-07,Bega,AUS,7,Dale,188.0,True,Finucane,NSW,102.0
199,1992-05-19,Auckland,NZ,7,Felise,189.0,True,Kaufusi,,109.0
200,1998-02-17,Rockhampton,AUS,7,Harry,177.0,True,Grant,QLD,87.0
201,1989-05-03,Auckland,NZ,7,Jesse,194.0,True,Bromwich,,114.0
202,1995-12-02,Temora,AUS,7,Joe,189.0,True,Stimson,NSW,104.0
203,1999-02-27,Auckland,NZ,7,Kayleb,193.0,True,Milne,,103.0
204,,,,7,Kelma,,True,Tuilagi,,
205,1991-09-22,Auckland,NZ,7,Kenneath,183.0,True,Bromwich,,105.0
206,1996-02-29,Wellington,NZ,7,Nelson,200.0,True,Asofa-Solomona,,115.0
207,1994-02-18,Auckland,NZ,7,Patrick,188.0,True,Kaufusi,,103.0
208,2000-02-16,Orange,AUS,7,Tino,197.0,True,Faasuamaleaui,NSW,107.0
209,1994-05-18,Taveuni,FIJ,7,Tui,195.0,True,Kamikamica,,110.0
210,1994-02-09,Brisbane,AUS,7,Billy,178.0,True,Walters,QLD,88.0
211,1997-07-14,Dalby,AUS,7,Brodie,177.0,True,Croft,QLD,86.0
212,1994-09-13,Rockhampton,AUS,7,Cameron,185.0,True,Munster,QLD,89.0
213,1999-07-14,Newcastle,AUS,7,Cooper,185.0,True,Johns,NSW,77.0
214,1997-10-12,Sydney,AUS,7,Curtis,188.0,True,Scott,NSW,90.0
215,1994-10-08,Wellington,NZ,7,Jahrome,183.0,True,Hughes,,90.0
216,1995-07-28,Blacktown,AUS,7,Josh,183.0,True,Addo-Carr,NSW,88.0
217,1993-12-23,Kundiawa,PNG,7,Justin,178.0,True,Olam,,92.0
218,1995-05-27,-,,7,Marion,195.0,True,Seve,,88.0
219,1998-06-10,Sydney,AUS,7,Ryan,181.0,True,Papenhuyzen,NSW,80.0
220,1989-09-21,Sydney,AUS,7,Sandor,190.0,True,Earl,NSW,99.0
221,1997-05-15,Penrith,AUS,7,Scott,181.0,True,Drinkwater,NSW,87.0
222,1995-11-27,Suva,FIJ,7,Suliasi,192.0,True,Vunivalu,,99.0
223,1992-07-17,Blue Mountains,AUS,7,Tom,192.0,True,Eisenhuth,NSW,100.0
224,1988-05-26,Gove,AUS,7,Will,190.0,True,Chambers,NT,100.0
225,1988-02-25,Cairns,AUS,8,Aidan,191.0,True,Guerra,QLD,104.0
226,1998-05-07,Maitland,AUS,8,Brodie,183.0,True,Jones,NSW,103.0
227,1996-05-01,Newcastle,AUS,8,Daniel,195.0,True,Saifiti,NSW,121.0
228,1995-12-05,Wellington,NZ,8,Danny,177.0,True,Levi,,90.0
229,1994-09-07,Auckland,NZ,8,Herman,186.0,True,Ese'ese,,107.0
230,1996-05-01,Newcastle,AUS,8,Jacob,195.0,True,Saifiti,NSW,114.0
231,1989-11-28,Westmead,AUS,8,Jamie,181.0,True,Buhrer,NSW,94.0
232,1995-02-12,Maitland,AUS,8,Josh,187.0,True,King,NSW,105.0
233,1994-01-05,North Sydney,AUS,8,Lachlan,192.0,True,Fitzgibbon,NSW,107.0
234,1994-04-15,Wingham,AUS,8,Mitchell,187.0,True,Barnett,NSW,104.0
235,1998-08-01,Belmont,AUS,8,Pasami,190.0,True,Saulo,NSW,103.0
236,1997-08-04,Gold Coast,AUS,8,Sam,194.0,True,Stone,NSW,102.0
237,1996-06-25,Liverpool,AUS,8,Sione,183.0,True,Mata'utia,NSW,99.0
238,1991-01-16,Glenn Innes,AUS,8,Slade,178.0,True,Griffin,NSW,94.0
239,1998-08-15,Dalby,AUS,8,Beau,189.0,True,Fermor,QLD,99.0
240,1989-04-27,Townsville,AUS,8,Tim,188.0,True,Glasby,QLD,106.0
241,1996-08-09,Canberra,AUS,8,Zac,179.0,True,Woolford,ACT,90.0
242,1989-10-19,Sydney,AUS,8,James,189.0,True,Gavet,NSW,108.0
243,1993-12-22,Sydney,AUS,8,David,198.0,True,Klemmer,NSW,116.0
244,1998-03-06,Maitland,AUS,8,Brayden,189.0,True,Musgrove,NSW,102.0
245,1996-05-31,Dubbo,AUS,8,Connor,174.0,True,Watson,NSW,87.0
246,1998-03-30,Port Hedland,AUS,8,Kalyn,184.0,True,Ponga,WA,92.0
247,1989-04-07,Sydney,AUS,8,Mitchell,182.0,True,Pearce,NSW,91.0
248,1988-04-11,Gold Coast,AUS,8,Nathan,181.0,True,Ross,QLD,92.0
249,1988-01-23,Brisbane,AUS,8,Shaun,194.0,True,Kenny-Dowall,QLD,104.0
250,1993-12-06,Ipswich,AUS,8,Tautau,194.0,True,Moga,QLD,109.0
251,1992-09-19,Brisbane,AUS,8,Edrick,196.0,True,Lee,QLD,100.0
252,1997-04-27,Dubbo,AUS,8,Jesse,184.0,True,Ramien,NSW,98.0
253,1994-02-04,Apia,SAM,8,Mason,175.0,True,Lino,,84.0
254,2000-07-07,-,,8,Phoenix,183.0,True,Crossland,,86.0
255,1993-11-14,Auckland,NZ,8,Hymel,191.0,True,Hunt,,99.0
256,1993-03-01,Winton,AUS,8,Kurt,184.0,True,Mann,QLD,88.0
257,1986-03-20,Whangarei,NZ,9,Adam,188.0,True,Blair,,109.0
258,1991-11-30,Lapaha,TNG,9,Agnatius,182.0,True,Paasi,,114.0
259,1996-08-20,Auckland,NZ,9,Bunty,188.0,True,Afoa,,111.0
260,,,,9,Eliesa,,True,Katoa,,
261,1998-09-20,Auckland,NZ,9,Isaiah,182.0,True,Papali'i,,108.0
262,1987-05-29,Hawera,NZ,9,Issac,175.0,True,Luke,,93.0
263,,,,9,Jackson,,True,Frei,,
264,1995-09-04,Christchurch,NZ,9,Jazz,178.0,True,Tevaga,,94.0
265,1995-11-29,Murwillumbah,AUS,9,Karl,185.0,True,Lawton,QLD,93.0
266,,,,9,,,True,,,
267,1989-12-20,Auckland,NZ,9,Leeson,185.0,True,AhMau,,111.0
268,1990-03-27,Auckland,NZ,9,Leivaha,192.0,True,Pulu,,110.0
269,1992-10-11,Auckland,NZ,9,Ligi,187.0,True,Sao,,109.0
270,1996-04-15,Auckland,NZ,9,Nathaniel,180.0,True,Roache,,94.0
271,1994-02-19,Auckland,NZ,9,,,True,,,
272,1992-10-22,Tofoa,TNG,9,Chris,191.0,True,Satae,,114.0
273,1992-01-07,Hastings,NZ,9,Tohu,195.0,True,Harris,,112.0
274,1997-04-24,Sydney,AUS,9,Adam,183.0,True,Keighran,NSW,91.0
275,,Paddington,AUS,9,,,True,,NSW,
276,1986-09-19,Fairfield,AUS,9,Blake,179.0,True,Green,NSW,97.0
277,1999-04-03,Auckland,NZ,9,Chanel,183.0,True,Harris-Tavita,,88.0
278,1994-10-16,Auckland,NZ,9,David,189.0,True,Fusitu'a,,106.0
279,1990-07-18,Brisbane,AUS,9,Gerard,181.0,True,Beale,QLD,97.0
280,1999-07-02,Taupo,NZ,9,Hayze,184.0,True,Perham,,91.0
281,1994-07-16,Auckland,NZ,9,Ken,191.0,True,Maumalo,,111.0
282,,,,9,,,True,,,
283,,,,9,,,True,,,
284,,,,9,,,True,,,
285,,,,9,,,True,,,
286,,,,9,,,True,,,
287,,,,9,Selestino,,True,Ravutaumada,,
288,,,,9,,,True,,,
289,1995-05-19,Auckland,NZ,9,Taane,183.0,True,Milne,,99.0
290,1992-02-29,Wagga Wagga,AUS,10,Ben,179.0,True,Hampton,NSW,89.0
291,1995-10-03,Gympie,AUS,10,Carlin,178.0,True,Anderson,QLD,86.0
292,1995-12-05,Longreach,AUS,10,Dan,193.0,True,Russell,QLD,96.0
293,1998-10-19,Cairns,AUS,10,Enari,188.0,True,Tuala,QLD,96.0
294,1997-12-27,Cairns,AUS,10,Gideon,180.0,True,Gela-Mosby,QLD,89.0
295,1998-01-02,Cairns,AUS,10,Jake,184.0,True,Clifford,QLD,95.0
296,1993-03-30,Cairns,AUS,10,Javid,193.0,True,Bowen,NT,96.0
297,1991-01-28,Lower Hutt,NZ,10,Jordan,184.0,True,Kahu,,93.0
298,1991-04-04,Warwick,AUS,10,Justin,190.0,True,O'Neill,QLD,96.0
299,1998-02-13,Longreach,AUS,10,Kurt,184.0,True,Wiltshire,QLD,95.0
300,1992-02-09,Townsville,AUS,10,Kyle,191.0,True,Feldt,QLD,103.0
301,1991-12-27,Townsville,AUS,10,Michael,185.0,True,Morgan,QLD,94.0
302,1999-03-12,Auckland,NZ,10,Murray,189.0,True,Taulagi,,93.0
303,1994-05-11,Port Moresby,PNG,10,Nene,192.0,True,Macdonald,,108.0
304,1995-10-02,Tokoroa,NZ,10,Te,181.0,True,MaireMartin,,87.0
305,1994-09-07,Redcliffe,AUS,10,Tom,183.0,True,Opacic,QLD,100.0
306,1996-08-14,Bundaberg,AUS,10,Coen,190.0,True,Hess,QLD,114.0
307,1994-01-08,Townsville,AUS,10,Corey,188.0,True,Jensen,QLD,107.0
308,1998-09-08,Huntly,NZ,10,Emry,193.0,True,Pere,,106.0
309,1994-09-03,Auckland,NZ,10,Francis,183.0,True,Molo,,112.0
310,1985-08-19,Murgon,AUS,10,Gavin,197.0,True,Cooper,QLD,108.0
311,1989-02-07,Rockhampton,AUS,10,Jake,172.0,True,Granville,QLD,87.0
312,1993-05-31,Auckland,NZ,10,Jason,191.0,True,Taumalolo,,117.0
313,1993-04-19,Penrith,AUS,10,John,183.0,True,Asiata,NSW,104.0
314,1991-08-10,Sydney,AUS,10,Jordan,196.0,True,McLean,NSW,118.0
315,1990-03-02,Brisbane,AUS,10,Josh,180.0,True,McGuire,QLD,104.0
316,1991-03-15,Brisbane,AUS,10,Kurt,173.0,True,Baptiste,QLD,85.0
317,1999-08-29,Nambour,AUS,10,Logan,194.0,True,Bayliss-Brow,QLD,97.0
318,1985-07-30,Longreach,AUS,10,Matthew,185.0,True,Scott,QLD,110.0
319,1997-02-03,Gold Coast,AUS,10,Mitchell,190.0,True,Dunn,QLD,99.0
320,1999-04-27,-,,10,Peter,192.0,True,Hola,,110.0
321,1998-12-28,Mackay,AUS,10,Reuben,180.0,True,Cotter,QLD,97.0
322,1987-05-09,Innisfail,AUS,10,Scott,187.0,True,Bolton,QLD,112.0
323,1996-03-13,Perth,AUS,10,Shane,188.0,True,Wright,WA,104.0
324,2000-08-05,Brisbane,AUS,10,Tom,185.0,True,Gilbert,QLD,96.0
325,1996-01-04,Inverell,AUS,11,Bevan,181.0,True,French,NSW,86.0
326,1994-09-09,Mona Vale,AUS,11,Clinton,190.0,True,Gutherson,NSW,96.0
327,1993-06-09,Blacktown,AUS,11,George,185.0,True,Jennings,NSW,100.0
328,1997-04-04,Auckland,NZ,11,Greg,180.0,True,Leleisiuao,,99.0
329,1999-01-14,Caringbah,AUS,11,Jaeman,187.0,True,Salmon,NSW,96.0
330,1988-03-10,Mackay,AUS,11,Josh,183.0,True,Hoffman,QLD,89.0
331,1988-04-20,Blacktown,AUS,11,Michael,180.0,True,Jennings,NSW,96.0
332,1994-09-16,Ryde,AUS,11,Mitchell,182.0,True,Moses,NSW,85.0
333,1992-07-03,Newcastle,AUS,11,Will,178.0,True,Smith,NSW,88.0
334,1990-03-20,Sydney,AUS,11,Blake,191.0,True,Ferguson,NSW,102.0
335,1993-10-03,Nandi,Fiji,11,Maika,186.0,True,Sivo,,105.0
336,2000-06-21,Auckland,NZ,11,Dylan,183.0,True,Brown,,85.0
337,,,,11,Ethan,,True,Parry,,
338,,,,11,Haze,,True,Dunster,,
339,1989-06-14,Cronulla,AUS,11,Brad,194.0,True,Takairangi,NSW,108.0
340,1993-05-28,Camperdown,AUS,11,Daniel,190.0,True,Alvaro,NSW,115.0
341,1985-09-30,St Leonards,AUS,11,David,190.0,True,Gower,NSW,105.0
342,1992-01-09,Sydney,AUS,11,Kane,199.0,True,Evans,NSW,110.0
343,1994-05-05,Campbelltown,AUS,11,Kaysa,175.0,True,Pritchard,NSW,88.0
344,1988-08-24,Auckland,NZ,11,Manu,184.0,True,Ma'u,,103.0
345,1996-07-29,Auckland,NZ,11,Marata,188.0,True,Niukore,,106.0
346,1993-03-01,Fairfield,AUS,11,Nathan,185.0,True,Brown,NSW,104.0
347,1999-08-20,-,,11,Oregon,,True,Kaufusi,,
348,1991-11-21,Auckland,NZ,11,Peni,186.0,True,Terepo,,108.0
349,1997-06-06,Moss Vale,AUS,11,Ray,180.0,True,Stone,NSW,95.0
350,1998-04-22,Nambour,AUS,11,Reed,175.0,True,Mahoney,QLD,86.0
351,1995-10-02,Rarotonga,CKI,11,Tepai,190.0,True,Moeroa,,112.0
352,1988-02-15,Canterbury,AUS,11,Tim,184.0,True,Mannah,NSW,110.0
353,1991-11-29,Maryborough,AUS,11,Andrew,195.0,True,Davey,QLD,106.0
354,1993-11-20,Auckland,NZ,11,Junior,188.0,True,Paulo,,123.0
355,1994-11-29,Sydney,AUS,11,Shaun,198.0,True,Lane,NSW,110.0
356,2000-05-15,Otahuhu,NZ,11,Stefano,191.0,True,Utoikamanu,,115.0
357,1998-08-19,-,,11,Salesi,,True,Fainga'a,,
358,1991-06-04,Christchurch,NZ,11,Matt,182.0,True,McIlwrick,,95.0
359,1996-12-13,Goondiwindi,AUS,12,Brayden,198.0,True,McGrady,QLD,91.0
360,1998-08-18,Sydney,AUS,12,Brian,,True,To'o,NSW,
361,1997-11-21,-,,12,Caleb,183.0,True,Aekins,,91.0
362,1995-08-17,Hamilton,NZ,12,Dallin,186.0,True,Watene-Zelezniak,,97.0
363,,,,12,Dean,,True,Blore,,
364,1990-01-22,Rotorua,NZ,12,Dean,185.0,True,Whare,,96.0
365,1996-01-10,Albury,AUS,12,Dylan,183.0,True,Edwards,NSW,93.0
366,1986-06-15,Orange,AUS,12,James,176.0,True,Maloney,NSW,83.0
367,1997-01-16,Sydney,AUS,12,Jarome,184.0,True,Luai,NSW,88.0
368,1996-10-21,Sydney,AUS,12,Jed,194.0,True,Cartwright,NSW,104.0
369,1990-06-17,Sydney,AUS,12,Josh,183.0,True,Mansour,NSW,98.0
370,,,,12,,,True,,,
371,1997-11-14,Sydney,AUS,12,Nathan,182.0,True,Cleary,NSW,92.0
372,1996-06-21,Blacktown,AUS,12,Tyrone,189.0,True,May,NSW,94.0
373,1994-10-26,Lautoka,FIJ,12,Waqa,190.0,True,Blake,,98.0
374,1986-12-17,Campbelltown,AUS,12,Frank,194.0,True,Winterstein,NSW,105.0
375,1996-11-12,Kogarah,AUS,12,Hame,182.0,True,Sele,NSW,102.0
376,,,,12,,,True,,,
377,,,,12,,,True,,,
378,1996-01-05,Rawene,NZ,12,James,187.0,True,Fisher-Harris,,103.0
379,1988-12-13,Palmerston North,NZ,12,James,195.0,True,Tamou,,115.0
380,1996-08-04,Dubbo,AUS,12,Kaide,191.0,True,Ellis,NSW,106.0
381,,,,12,,,True,,,
382,,,,12,,,True,,,
383,1995-07-20,Auckland,NZ,12,Moses,182.0,True,Leota,,108.0
384,1996-05-14,Sydney,AUS,12,Nick,190.0,True,Lui-Toso,NSW,110.0
385,1995-09-12,Sydney,AUS,12,Paea,192.0,True,Pua,NSW,114.0
386,1993-07-27,Sydney,AUS,12,Reagan,193.0,True,Campbell-Gillard,NSW,115.0
387,1989-07-19,Stirling,AUS,12,Sam,186.0,True,McKendry,WA,111.0
388,,,,12,Shawn,,True,Blore,,
389,1995-01-26,Wellington,NZ,12,Sione,175.0,True,Katoa,,93.0
390,,,,12,Spencer,,True,Leniu,,
391,1988-02-17,Sydney,AUS,12,Tim,195.0,True,Grant,NSW,110.0
392,1996-03-06,Penrith,AUS,12,Tyrell,188.0,True,Fuimaono,NSW,98.0
393,1995-04-05,FIJ,,12,Viliame,195.0,True,Kikau,,119.0
394,,,,12,,,True,,,
395,,,,12,,,True,,,
396,1999-03-10,Randwick,AUS,13,Dean,180.0,True,Hawkins,NSW,78.0
397,1998-08-05,Sydney,AUS,13,Adam,190.0,True,Doueihi,NSW,94.0
398,1990-07-10,Sydney,AUS,13,Adam,173.0,True,Reynolds,NSW,85.0
399,1995-01-14,Sydney,AUS,13,Alex,185.0,True,Johnston,NSW,95.0
400,1996-07-08,Dubbo,AUS,13,Braidon,185.0,True,Burns,NSW,98.0
401,1999-06-02,Sydney,AUS,13,Campbell,197.0,True,Graham,NSW,95.0
402,1990-01-10,Nowra,AUS,13,Cody,179.0,True,Walker,NSW,90.0
403,1996-06-17,Sydney,AUS,13,Connor,183.0,True,Tracey,NSW,87.0
404,1991-01-03,Mackay,AUS,13,Dane,182.0,True,Gagai,QLD,92.0
405,1987-01-15,Kempsey,AUS,13,Greg,195.0,True,Inglis,NSW,105.0
406,1993-03-25,Sydney,AUS,13,Jacob,184.0,True,Gagan,NSW,94.0
407,1999-03-06,New Plymouth,NZ,13,Mawene,187.0,True,Hiroti,,95.0
408,1998-04-19,Brisbane,AUS,13,Corey,186.0,True,Allan,QLD,90.0
409,1997-06-18,Belmont,AUS,13,Cory,193.0,True,Denniss,NSW,99.0
410,1999-06-21,Sydney,AUS,13,Joshua,183.0,True,Cook,NSW,85.0
411,1999-06-21,Bega,AUS,13,Ky,186.0,True,Rodwell,NSW,102.0
412,1994-05-19,Brisbane,AUS,13,Billy,175.0,True,Brittain,QLD,84.0
413,1998-01-16,Sydney,AUS,13,Cameron,184.0,True,Murray,NSW,90.0
414,1991-06-23,Sydney,AUS,13,Damien,180.0,True,Cook,NSW,88.0
415,1994-03-17,Sydney,AUS,13,Dean,193.0,True,Britt,NSW,98.0
416,1992-04-21,Dewsbury,UK,13,George,194.0,True,Burgess,,120.0
417,1984-11-05,Sydney,AUS,13,John,190.0,True,Sutton,NSW,105.0
418,1992-02-20,Sydney,AUS,13,Kyle,190.0,True,Turner,NSW,103.0
419,1990-01-05,Wagga Wagga,AUS,13,Mark,194.0,True,Nicholls,NSW,104.0
420,1988-12-14,Dewsbury,UK,13,Sam,196.0,True,Burgess,,116.0
421,1996-10-11,Auburn,AUS,13,Tevita,183.0,True,Tatola,NSW,114.0
422,1992-04-21,Dewsbury,UK,13,Thomas,196.0,True,Burgess,,120.0
423,1996-12-23,-,,13,Bayley,186.0,True,Sironen,,95.0
424,1994-08-08,Sydney,AUS,13,Kurt,190.0,True,Dillon,NSW,107.0
425,1994-10-11,Moruya,AUS,13,Rhys,197.0,True,Kennedy,NSW,110.0
426,1995-01-15,Alice Springs,AUS,13,Liam,194.0,True,Knight,NT,106.0
427,1996-12-19,Westmead,AUS,13,Tom,181.0,True,Amone,NSW,110.0
428,1991-03-20,Goondiwindi,AUS,13,Ethan,194.0,True,Lowe,QLD,105.0
429,1990-03-27,Rockhampton,AUS,14,Ben,178.0,True,Hunt,QLD,88.0
430,,,,14,,,True,,,
431,1989-04-15,Sydney,AUS,14,Darren,182.0,True,Nicholls,NSW,89.0
432,1995-06-16,Pambula,AUS,14,Euan,182.0,True,Aitken,NSW,93.0
433,1989-03-12,Halifax,UK,14,Gareth,181.0,True,Widdop,,91.0
434,1997-09-06,Wollongong,AUS,14,Jai,181.0,True,Field,NSW,85.0
435,2000-10-08,-,,14,Jason,,True,Saab,,
436,1995-05-28,Thursday Island,AUS,14,Jonus,184.0,True,Pearson,QLD,95.0
437,1993-04-06,Lower Hutt,NZ,14,Jordan,182.0,True,Pereira,,97.0
438,1992-04-17,Brisbane,AUS,14,Lachlan,187.0,True,Maranta,QLD,93.0
439,1996-01-10,Hurstville,AUS,14,Matthew,179.0,True,Dufty,NSW,83.0
440,1997-11-09,Galoa,FIJ,14,Mikaele,184.0,True,Ravalawa,,93.0
441,1999-10-19,Auckland,NZ,14,Steven,183.0,True,Marsters,,99.0
442,1991-05-27,Suvai,SAM,14,Timoteo,184.0,True,Lafai,,98.0
443,,,,14,,,True,,,
444,1999-09-24,Temora,AUS,14,Zac,190.0,True,Lomax,NSW,94.0
445,1997-01-10,Wollongong,AUS,14,Blake,185.0,True,Lawrie,NSW,106.0
446,1994-02-01,Sydney,AUS,14,Cameron,177.0,True,McInnes,NSW,91.0
447,1999-12-15,-,,14,Eddie,195.0,True,Blacker,,116.0
448,1998-02-23,-,,14,Hayden,,True,Lomax,,
449,,,,14,,,True,,,
450,1998-02-17,Shellharbour,AUS,14,Jackson,187.0,True,Ford,NSW,95.0
451,1996-09-03,Padstow,AUS,14,Jacob,190.0,True,Host,NSW,104.0
452,1985-09-10,Liverpool,UK,14,James,187.0,True,Graham,,107.0
453,1986-12-08,Port Macquarie,AUS,14,Jeremy,191.0,True,Latimore,NSW,113.0
454,1998-03-18,Lautoka,FIJ,14,Joe,180.0,True,Lovodua,,94.0
455,1996-02-11,Brisbane,AUS,14,Josh,197.0,True,Kerr,QLD,112.0
456,1992-01-02,Gerringong,AUS,14,Korbin,189.0,True,Sims,NSW,108.0
457,1996-06-26,Toowoomba,AUS,14,Lachlan,186.0,True,Timm,QLD,111.0
458,1996-06-08,Camperdown,AUS,14,Luciano,186.0,True,Leilua,NSW,116.0
459,1989-04-27,Sydney,AUS,14,Mitchell,194.0,True,Allgood,NSW,109.0
460,1991-04-23,Canberra,AUS,14,Paul,193.0,True,Vaughan,ACT,110.0
461,1998-06-18,Murwillumbah,AUS,14,Reece,180.0,True,Robson,NSW,91.0
462,1990-02-09,Gerringong,AUS,14,Tariq,193.0,True,Sims,NSW,106.0
463,1991-10-09,Wollongong,AUS,14,Tyson,183.0,True,Frizell,NSW,108.0
464,1996-02-05,Temora,AUS,15,Angus,187.0,True,Crichton,NSW,102.0
465,1992-06-09,Taree,AUS,15,Boyd,188.0,True,Cordner,NSW,102.0
466,1993-04-28,Sydney,AUS,15,Craig,172.0,True,Garvey,NSW,89.0
467,,,,15,Egan,,True,Butcher,,
468,1991-04-26,Otahuhu,NZ,15,Isaac,187.0,True,Liu,,108.0
469,1990-02-01,Nambour,AUS,15,Jake,175.0,True,Friend,QLD,92.0
470,1989-01-20,Rotorua,NZ,15,Jared,193.0,True,Waerea-Hargreaves,,108.0
471,1999-06-10,Sydney,AUS,15,Joshua,185.0,True,Curran,NSW,99.0
472,1996-04-17,Brisbane,AUS,15,Lindsay,194.0,True,Collins,QLD,106.0
473,1987-10-01,Sydney,AUS,15,Mitchell,185.0,True,Aubusson,NSW,96.0
474,1997-07-25,Sydney,AUS,15,Nat,184.0,True,Butcher,NSW,97.0
475,1996-02-14,Auckland,NZ,15,Poasa,188.0,True,Faamausili,,108.0
476,,,,15,Sam,,True,Verrills,,
477,1992-01-03,Auckland,NZ,15,Siosiua,186.0,True,Taukeiaho,,108.0
478,1997-05-30,Auckland,NZ,15,Sitili,186.0,True,Tupouniua,,101.0
479,1998-03-14,Sydney,AUS,15,Victor,182.0,True,Radley,NSW,92.0
480,1990-11-04,Tokoroa,NZ,15,Zane,189.0,True,Tetevano,,111.0
481,,,,15,Asu,,True,Kepaoa,,
482,1997-10-23,Cairns,AUS,15,Bernard,183.0,True,Lewis,QLD,96.0
483,,,,15,Billy,,True,Smith,,
484,1986-08-23,Kiama,AUS,15,Brett,183.0,True,Morris,NSW,96.0
485,1997-01-29,Maitland,AUS,15,Brock,181.0,True,Lamb,NSW,90.0
486,1983-12-05,Brisbane,AUS,15,Cooper,178.0,True,Cronk,QLD,89.0
487,1991-06-17,Sydney,AUS,15,Daniel,196.0,True,Tupou,NSW,105.0
488,1993-01-08,Ryde,AUS,15,James,184.0,True,Tedesco,NSW,95.0
489,1996-06-29,Hamilton,NZ,15,Joseph,192.0,True,Manu,,98.0
490,1998-03-25,Sydney,AUS,15,Lachlan,178.0,True,Lam,NSW,84.0
491,,,,15,,,True,,,
492,1992-02-03,Ipswich,AUS,15,Luke,179.0,True,Keary,QLD,85.0
493,1993-11-09,Sydney,AUS,15,Matt,184.0,True,Ikuvalu,NSW,100.0
494,1987-11-27,-,,15,Ryan,188.0,True,Hall,,105.0
495,1999-01-20,-,,16,Alex,194.0,True,Seyfarth,,100.0
496,1996-07-03,Sydney,AUS,16,Alex,190.0,True,Twal,NSW,104.0
497,1989-01-03,Wellington,NZ,16,Ben,193.0,True,Matulino,,107.0
498,1988-10-19,Sydney,AUS,16,Chris,188.0,True,Lawrence,NSW,100.0
499,1987-08-03,Brisbane,AUS,16,Chris,189.0,True,McQueen,QLD,106.0
500,1990-02-27,Hawera,NZ,16,Elijah,190.0,True,Taylor,,101.0
501,2000-06-13,-,,16,Henry,189.0,True,Lealuga-Puhotau,,107.0
502,1996-10-27,Gosford,AUS,16,Jacob,184.0,True,Liddle,NSW,91.0
503,1995-11-11,Auckland,NZ,16,,189.0,True,,,106.0
504,2000-02-03,-,,16,Kane,196.0,True,Bradley,,101.0
505,1995-09-06,-,,16,Luke,190.0,True,Garner,,94.0
506,1992-08-20,Sydney,AUS,16,Matthew,197.0,True,Eisenhuth,NSW,110.0
507,1992-02-26,Auckland,NZ,16,Michael,192.0,True,Chee-Kam,,100.0
508,1996-08-17,Sydney,AUS,16,Oliver,191.0,True,Clark,NSW,107.0
509,1984-01-23,Sydney,AUS,16,Robbie,179.0,True,Farah,NSW,91.0
510,1990-08-22,Maitland,AUS,16,Robbie,192.0,True,Rochow,NSW,103.0
511,1989-10-09,Foxton,NZ,16,Russell,187.0,True,Packer,,119.0
512,1994-10-13,Sydney,AUS,16,Ryan,194.0,True,Matterson,NSW,107.0
513,1998-03-20,-,,16,Sam,190.0,True,McIntyre,,100.0
514,1998-01-11,-,,16,Thomas,190.0,True,Mikaele,,109.0
515,1985-02-25,Whakatane,NZ,16,Benji,183.0,True,Marshall,,91.0
516,1990-05-15,Brisbane,AUS,16,Corey,178.0,True,Thompson,QLD,91.0
517,1993-11-28,Newcastle,AUS,16,David,182.0,True,Nofoaluma,NSW,94.0
518,1999-04-23,-,,16,Dylan,186.0,True,Smith,,85.0
519,1996-08-17,Auckland,NZ,16,Esan,185.0,True,Marsters,,105.0
520,2000-03-07,-,,16,Jock,180.0,True,Madden,,82.0
521,1989-04-13,Sydney,AUS,16,Josh,182.0,True,Reynolds,NSW,89.0
522,1994-12-21,Sydney,AUS,16,Luke,180.0,True,Brooks,NSW,88.0
523,1992-12-24,Melbourne,AUS,16,Mahe,185.0,True,Fonua,VIC,103.0
524,1993-08-13,Brisbane,AUS,16,Moses,180.0,True,Mbye,QLD,89.0
525,1996-07-19,Sydney,AUS,16,Paul,191.0,True,Momirovski,NSW,88.0
526,1996-01-02,Sydney,AUS,16,Robert,192.0,True,Jennings,NSW,102.0
527,2000-04-03,-,,16,Tommy,187.0,True,Talau,,96.0
528,1996-06-21,Brisbane,AUS,16,Tyson,189.0,True,Gamble,QLD,97.0
